<?xml version="1.0" encoding="UTF-8"?>
<beans xmlns="http://www.springframework.org/schema/beans"
xmlns:xsi="http://www.w3.org/2001/XMLSchema-instance"
xsi:schemaLocation="http://www.springframework.org/schema/beans
http://www.springframework.org/schema/beans/spring-beans.xsd">

<!-- Calling Constructor injection -->
<bean id="calc1" class="com.training.bean.Calculator">
<constructor-arg value="23"/>
<constructor-arg value="45"/>
</bean>

<bean id="calc2" class="com.training.bean.Calculator">
<constructor-arg value="32"/>
<constructor-arg value="54"/>
</bean>

</beans>