<?xml version="1.0" encoding="UTF-8"?>
<beans xmlns="http://www.springframework.org/schema/beans"
xmlns:xsi="http://www.w3.org/2001/XMLSchema-instance"
xsi:schemaLocation="http://www.springframework.org/schema/beans
http://www.springframework.org/schema/beans/spring-beans.xsd">

<!-- Calling Setter injection -->
<bean id="triangle" class="com.training.bean.Triangle">
<property name="points">
	<list>
		<ref bean="pointAbean"/>
		<ref bean="pointBbean"/>
		<ref bean="pointCbean"/>
	</list>
</property>

</bean>

<!-- Calling Setter injection -->
<bean id="pointAbean" class="com.training.bean.TrianglePoints">
<property name="xPoint" value="78"/>
<property name="yPoint" value="45"/>
</bean>

<!-- Calling Setter injection -->
<bean id="pointBbean" class="com.training.bean.TrianglePoints">
<property name="xPoint" value="45"/>
<property name="yPoint" value="78"/>
</bean>


<!-- Calling Setter injection -->
<bean id="pointCbean" class="com.training.bean.TrianglePoints">
<property name="xPoint" value="45"/>
<property name="yPoint" value="48"/>
</bean>


</beans>