<?xml version="1.0" encoding="UTF-8"?>
<beans xmlns="http://www.springframework.org/schema/beans"
xmlns:xsi="http://www.w3.org/2001/XMLSchema-instance"
xsi:schemaLocation="http://www.springframework.org/schema/beans
http://www.springframework.org/schema/beans/spring-beans.xsd">

<!-- Calling Setter injection -->
<bean id="calc1" class="com.training.bean.Calculator">
<property name="num1" value="78"/>
<property name="num2" value="45"/>
</bean>

<bean id="calc2" class="com.training.bean.Calculator">
<property name="num1" value="87"/>
<property name="num2" value="54"/>
</bean>

</beans>