<?xml version="1.0" encoding="UTF-8"?>
<beans xmlns="http://www.springframework.org/schema/beans"
xmlns:xsi="http://www.w3.org/2001/XMLSchema-instance"
xsi:schemaLocation="http://www.springframework.org/schema/beans
http://www.springframework.org/schema/beans/spring-beans.xsd">

<!-- Calling byName autowire injection -->
<bean id="triangle" class="com.training.bean.Triangle" autowire="byName"/>


<!-- Calling Setter injection -->
<bean id="pointA" class="com.training.bean.TrianglePoints">
<property name="xPoint" value="78"/>
<property name="yPoint" value="45"/>
</bean>

<!-- Calling Setter injection -->
<bean id="pointB" class="com.training.bean.TrianglePoints">
<property name="xPoint" value="45"/>
<property name="yPoint" value="78"/>
</bean>


<!-- Calling Setter injection -->
<bean id="pointC" class="com.training.bean.TrianglePoints">
<property name="xPoint" value="45"/>
<property name="yPoint" value="48"/>
</bean>


</beans>